{"report": {"environment": {}, "tests": [], "summary": {"num_tests": 0, "duration": 2.8340437412261963}, "created_at": "2023-08-26 01:22:18.239642"}}